{"clock": {"width": 25, "confidence": 0.699719250202179, "bottom_left": [352, 73], "height": 41}, "tv": {"width": 70, "confidence": 0.8125388622283936, "bottom_left": [407, 136], "height": 86}, "dining table": {"width": 168, "confidence": 0.5779284238815308, "bottom_left": [312, 290], "height": 167}, "bed": {"width": 296, "confidence": 0.3988795578479767, "bottom_left": [173, 264], "height": 207}, "couch": {"width": 113, "confidence": 0.2669636905193329, "bottom_left": [138, 146], "height": 84}, "person": {"width": 76, "confidence": 0.5213834047317505, "bottom_left": [329, 180], "height": 109}, "potted plant": {"width": 44, "confidence": 0.24642978608608246, "bottom_left": [108, 107], "height": 61}, "chair": {"width": 104, "confidence": 0.8728100657463074, "bottom_left": [131, 139], "height": 129}}